{
  "classes": [
    "808",
    "bass",
    "bongo & conga",
    "clap",
    "closed_hat",
    "cymbal",
    "kick",
    "open_hat",
    "rimshot",
    "snap",
    "snare",
    "tom",
    "triangle"
  ],
  "threshold": 0.55,
  "splits": {
    "train": {
      "sample_count": 9142,
      "accuracy": 0.9948588930212208,
      "top_k_accuracy": 1.0,
      "coverage_at_threshold": 0.9964996718442354,
      "precision_at_threshold": 0.9968166849615807,
      "confusion_matrix": [
        [
          1630,
          6,
          0,
          0,
          0,
          0,
          0,
          0,
          0,
          0,
          0,
          0,
          0
        ],
        [
          0,
          276,
          0,
          0,
          0,
          0,
          0,
          0,
          0,
          0,
          0,
          0,
          0
        ],
        [
          0,
          0,
          226,
          0,
          0,
          0,
          0,
          0,
          0,
          0,
          0,
          0,
          0
        ],
        [
          0,
          0,
          0,
          588,
          0,
          0,
          0,
          0,
          0,
          0,
          1,
          0,
          0
        ],
        [
          0,
          0,
          0,
          0,
          878,
          0,
          0,
          5,
          0,
          0,
          2,
          0,
          0
        ],
        [
          0,
          0,
          0,
          0,
          0,
          427,
          0,
          0,
          0,
          0,
          0,
          0,
          0
        ],
        [
          0,
          0,
          0,
          0,
          0,
          0,
          1638,
          0,
          0,
          0,
          0,
          0,
          0
        ],
        [
          0,
          0,
          0,
          0,
          0,
          0,
          0,
          428,
          0,
          0,
          0,
          0,
          0
        ],
        [
          0,
          0,
          0,
          0,
          0,
          0,
          0,
          0,
          190,
          0,
          0,
          0,
          0
        ],
        [
          0,
          0,
          0,
          0,
          0,
          0,
          0,
          0,
          0,
          51,
          0,
          0,
          0
        ],
        [
          0,
          0,
          0,
          5,
          16,
          0,
          0,
          3,
          7,
          2,
          2608,
          0,
          0
        ],
        [
          0,
          0,
          0,
          0,
          0,
          0,
          0,
          0,
          0,
          0,
          0,
          132,
          0
        ],
        [
          0,
          0,
          0,
          0,
          0,
          0,
          0,
          0,
          0,
          0,
          0,
          0,
          23
        ]
      ],
      "classification_report": {
        "808": {
          "precision": 1.0,
          "recall": 0.9963325183374083,
          "f1-score": 0.998162890385793,
          "support": 1636.0
        },
        "bass": {
          "precision": 0.9787234042553191,
          "recall": 1.0,
          "f1-score": 0.989247311827957,
          "support": 276.0
        },
        "bongo & conga": {
          "precision": 1.0,
          "recall": 1.0,
          "f1-score": 1.0,
          "support": 226.0
        },
        "clap": {
          "precision": 0.9915682967959528,
          "recall": 0.99830220713073,
          "f1-score": 0.9949238578680203,
          "support": 589.0
        },
        "closed_hat": {
          "precision": 0.9821029082774049,
          "recall": 0.992090395480226,
          "f1-score": 0.9870713884204609,
          "support": 885.0
        },
        "cymbal": {
          "precision": 1.0,
          "recall": 1.0,
          "f1-score": 1.0,
          "support": 427.0
        },
        "kick": {
          "precision": 1.0,
          "recall": 1.0,
          "f1-score": 1.0,
          "support": 1638.0
        },
        "open_hat": {
          "precision": 0.981651376146789,
          "recall": 1.0,
          "f1-score": 0.9907407407407407,
          "support": 428.0
        },
        "rimshot": {
          "precision": 0.9644670050761421,
          "recall": 1.0,
          "f1-score": 0.9819121447028424,
          "support": 190.0
        },
        "snap": {
          "precision": 0.9622641509433962,
          "recall": 1.0,
          "f1-score": 0.9807692307692307,
          "support": 51.0
        },
        "snare": {
          "precision": 0.9988510149368058,
          "recall": 0.9875047330556608,
          "f1-score": 0.9931454683929931,
          "support": 2641.0
        },
        "tom": {
          "precision": 1.0,
          "recall": 1.0,
          "f1-score": 1.0,
          "support": 132.0
        },
        "triangle": {
          "precision": 1.0,
          "recall": 1.0,
          "f1-score": 1.0,
          "support": 23.0
        },
        "accuracy": 0.9948588930212208,
        "macro avg": {
          "precision": 0.98920216587937,
          "recall": 0.9980176810772327,
          "f1-score": 0.9935363871621568,
          "support": 9142.0
        },
        "weighted avg": {
          "precision": 0.9949419144951102,
          "recall": 0.9948588930212208,
          "f1-score": 0.9948711261318911,
          "support": 9142.0
        }
      }
    },
    "val": {
      "sample_count": 1938,
      "accuracy": 0.824045407636739,
      "top_k_accuracy": 0.9736842105263158,
      "coverage_at_threshold": 0.8415892672858617,
      "precision_at_threshold": 0.8841201716738197,