{
  "classes": [
    "808",
    "clap",
    "closed_hat",
    "cymbal",
    "kick",
    "open_hat",
    "percussion",
    "snap",
    "snare"
  ],
  "threshold": 0.45,
  "splits": {
    "train": {
      "sample_count": 3454,
      "accuracy": 0.9956572090330053,
      "top_k_accuracy": 1.0,
      "coverage_at_threshold": 1.0,
      "precision_at_threshold": 0.9956572090330053,
      "confusion_matrix": [
        [
          552,
          0,
          0,
          0,
          0,
          0,
          0,
          0,
          0
        ],
        [
          0,
          231,
          0,
          0,
          0,
          0,
          0,
          0,
          0
        ],
        [
          0,
          0,
          255,
          0,
          0,
          0,
          0,
          0,
          0
        ],
        [
          0,
          0,
          1,
          211,
          0,
          0,
          0,
          0,
          0
        ],
        [
          0,
          0,
          0,
          0,
          569,
          0,
          0,
          0,
          0
        ],
        [
          0,
          0,
          0,
          0,
          0,
          151,
          0,
          0,
          0
        ],
        [
          0,
          0,
          0,
          0,
          0,
          0,
          747,
          0,
          0
        ],
        [
          0,
          0,
          0,
          0,
          0,
          0,
          0,
          28,
          0
        ],
        [
          0,
          13,
          0,
          0,
          0,
          0,
          0,
          1,
          695
        ]
      ],
      "classification_report": {
        "808": {
          "precision": 1.0,
          "recall": 1.0,
          "f1-score": 1.0,
          "support": 552.0
        },
        "clap": {
          "precision": 0.9467213114754098,
          "recall": 1.0,
          "f1-score": 0.9726315789473684,
          "support": 231.0
        },
        "closed_hat": {
          "precision": 0.99609375,
          "recall": 1.0,
          "f1-score": 0.9980430528375733,
          "support": 255.0
        },
        "cymbal": {
          "precision": 1.0,
          "recall": 0.9952830188679245,
          "f1-score": 0.9976359338061466,
          "support": 212.0
        },
        "kick": {
          "precision": 1.0,
          "recall": 1.0,
          "f1-score": 1.0,
          "support": 569.0
        },
        "open_hat": {
          "precision": 1.0,
          "recall": 1.0,
          "f1-score": 1.0,
          "support": 151.0
        },
        "percussion": {
          "precision": 1.0,
          "recall": 1.0,
          "f1-score": 1.0,
          "support": 747.0
        },
        "snap": {
          "precision": 0.9655172413793104,
          "recall": 1.0,
          "f1-score": 0.9824561403508771,
          "support": 28.0
        },
        "snare": {
          "precision": 1.0,
          "recall": 0.9802538787023978,
          "f1-score": 0.99002849002849,
          "support": 709.0
        },
        "accuracy": 0.9956572090330053,
        "macro avg": {
          "precision": 0.9898147003171912,
          "recall": 0.9972818775078136,
          "f1-score": 0.9934216884411617,
          "support": 3454.0
        },
        "weighted avg": {
          "precision": 0.9958688511752868,
          "recall": 0.9956572090330053,
          "f1-score": 0.9956909851005646,
          "support": 3454.0
        }
      }
    },
    "val": {
      "sample_count": 611,
      "accuracy": 0.7708674304418985,
      "top_k_accuracy": 0.9738134206219312,
      "coverage_at_threshold": 0.9198036006546645,
      "precision_at_threshold": 0.7953736654804271,
      "confusion_matrix": [
        [
          82,
          0,
          0,
          0,
          3,
          0,
          2,
          0,
          0
        ],
        [
          0,
          13,
          0,
          0,
          0,
          0,
          1,
          0,
          31
        ],
        [
          0,
          0,
          65,
          1,
          0,
          0,
          23,
          0,
          2
        ],
        [
          0,
          0,
          8,
          51,
          0,
          14,
          1,
          0,
          1
        ],
        [
          6,
          0,
          0,
          0,
          111,
          0,
          7,
          0,
          2
        ],
        [
          0,
          0,
          2,
          2,
          0,
          9,
          2,
          0,
          0
        ],
        [
          0,
          0,
          3,
          0,
          2,
          2,
          75,
          0,
          13
        ],
        [
          0,
          0,
          0,
          0,
          0,
          0,
          2,
          11,
          0
        ],
        [
          0,
          1,
          0,
          0,
          1,
          0,
          3,
          5,
          54
        ]
      ],
      "classification_report": {
        "808": {
          "precision": 0.9318181818181818,
          "recall": 0.9425287356321839,
          "f1-score": 0.9371428571428572,
          "support": 87.0
        },
        "clap": {
          "precision": 0.9285714285714286,
          "recall": 0.28888888888888886,
          "f1-score": 0.4406779661016949,
          "support": 45.0
        },
        "closed_hat": {
          "precision": 0.8333333333333334,
          "recall": 0.7142857142857143,
          "f1-score": 0.7692307692307693,
          "support": 91.0
        },
        "cymbal": {
          "precision": 0.9444444444444444,
          "recall": 0.68,
          "f1-score": 0.7906976744186046,
          "support": 75.0
        },
        "kick": {
          "precision": 0.9487179487179487,
          "recall": 0.8809523809523809,
          "f1-score": 0.9135802469135802,
          "support": 126.0
        },
        "open_hat": {
          "precision": 0.36,
          "recall": 0.6,
          "f1-score": 0.45,
          "support": 15.0
        },
        "percussion": {
          "precision": 0.646551724137931,
          "recall": 0.7894736842105263,
          "f1-score": 0.7109004739336493,
          "support": 95.0
        },
        "snap": {
          "precision": 0.6875,
          "recall": 0.8461538461538461,
          "f1-score": 0.7586206896551724,
          "support": 13.0
        },
        "snare": {
          "precision": 0.5242718446601942,
          "recall": 0.84375,
          "f1-score": 0.6467065868263473,
          "support": 64.0
        },
        "accuracy": 0.7708674304418985,
        "macro avg": {
          "precision": 0.756134322853718,
          "recall": 0.7317814722359489,
          "f1-score": 0.713061918246964,
          "support": 611.0
        },
        "weighted avg": {
          "precision": 0.8156666712935846,
          "recall": 0.7708674304418985,
          "f1-score": 0.7713784112677764,
          "support": 611.0
        }
      }
    },
    "test": {
      "sample_count": 865,
      "accuracy": 0.8289017341040462,
      "top_k_accuracy": 0.9815028901734104,
      "coverage_at_threshold": 0.9167630057803469,
      "precision_at_threshold": 0.8524590163934426,