{
  "classes": [
    "808",
    "clap",
    "closed_hat",
    "cymbal",
    "kick",
    "open_hat",
    "snap",
    "snare"
  ],
  "threshold": 0.45,
  "splits": {
    "train": {
      "sample_count": 2901,
      "accuracy": 0.9910375732506033,
      "top_k_accuracy": 1.0,
      "coverage_at_threshold": 1.0,
      "precision_at_threshold": 0.9910375732506033,
      "confusion_matrix": [
        [
          499,
          0,
          0,
          0,
          0,
          0,
          0,
          0
        ],
        [
          0,
          219,
          0,
          0,
          0,
          0,
          0,
          0
        ],
        [
          0,
          0,
          302,
          1,
          0,
          0,
          0,
          0
        ],
        [
          0,
          0,
          8,
          230,
          0,
          0,
          0,
          0
        ],
        [
          0,
          0,
          0,
          0,
          695,
          0,
          0,
          0
        ],
        [
          0,
          0,
          0,
          0,
          0,
          151,
          0,
          0
        ],
        [
          0,
          0,
          0,
          0,
          0,
          0,
          35,
          0
        ],
        [
          0,
          12,
          0,
          0,
          0,
          0,
          5,
          744
        ]
      ],
      "classification_report": {
        "808": {
          "precision": 1.0,
          "recall": 1.0,
          "f1-score": 1.0,
          "support": 499.0
        },
        "clap": {
          "precision": 0.948051948051948,
          "recall": 1.0,
          "f1-score": 0.9733333333333334,
          "support": 219.0
        },
        "closed_hat": {
          "precision": 0.9741935483870968,
          "recall": 0.9966996699669967,
          "f1-score": 0.9853181076672104,
          "support": 303.0
        },
        "cymbal": {
          "precision": 0.9956709956709957,
          "recall": 0.9663865546218487,
          "f1-score": 0.9808102345415778,
          "support": 238.0
        },
        "kick": {
          "precision": 1.0,
          "recall": 1.0,
          "f1-score": 1.0,
          "support": 695.0
        },
        "open_hat": {
          "precision": 1.0,
          "recall": 1.0,
          "f1-score": 1.0,
          "support": 151.0
        },
        "snap": {
          "precision": 0.875,
          "recall": 1.0,
          "f1-score": 0.9333333333333333,
          "support": 35.0
        },
        "snare": {
          "precision": 1.0,
          "recall": 0.9776609724047306,
          "f1-score": 0.988704318936877,
          "support": 761.0
        },
        "accuracy": 0.9910375732506033,
        "macro avg": {
          "precision": 0.9741145615137551,
          "recall": 0.992593399624197,
          "f1-score": 0.9826874159765415,
          "support": 2901.0
        },
        "weighted avg": {
          "precision": 0.9915197238036415,
          "recall": 0.9910375732506033,
          "f1-score": 0.9911116428203001,
          "support": 2901.0
        }
      }
    },
    "val": {
      "sample_count": 470,
      "accuracy": 0.8659574468085106,
      "top_k_accuracy": 0.9936170212765958,
      "coverage_at_threshold": 0.9765957446808511,
      "precision_at_threshold": 0.8779956427015251,
      "confusion_matrix": [
        [
          45,
          0,
          0,
          0,
          2,
          0,
          0,
          0
        ],
        [
          0,
          16,
          0,
          0,
          0,
          0,
          0,
          19
        ],
        [
          0,
          0,
          38,
          2,
          0,
          2,
          0,
          3
        ],
        [
          0,
          0,
          1,
          47,
          0,
          4,
          0,
          2
        ],
        [
          2,
          0,
          0,
          0,
          132,
          0,
          0,
          2
        ],
        [
          0,
          0,
          4,
          6,
          0,
          17,
          0,
          0
        ],
        [
          0,
          0,
          0,
          0,
          0,
          0,
          0,
          5
        ],
        [
          0,
          6,
          0,
          0,
          3,
          0,
          0,
          112
        ]
      ],
      "classification_report": {
        "808": {
          "precision": 0.9574468085106383,
          "recall": 0.9574468085106383,
          "f1-score": 0.9574468085106383,
          "support": 47.0
        },
        "clap": {
          "precision": 0.7272727272727273,
          "recall": 0.45714285714285713,
          "f1-score": 0.5614035087719298,
          "support": 35.0
        },
        "closed_hat": {
          "precision": 0.8837209302325582,
          "recall": 0.8444444444444444,
          "f1-score": 0.8636363636363636,
          "support": 45.0
        },
        "cymbal": {
          "precision": 0.8545454545454545,
          "recall": 0.8703703703703703,
          "f1-score": 0.8623853211009175,
          "support": 54.0
        },
        "kick": {
          "precision": 0.9635036496350365,
          "recall": 0.9705882352941176,
          "f1-score": 0.967032967032967,
          "support": 136.0
        },
        "open_hat": {
          "precision": 0.7391304347826086,
          "recall": 0.6296296296296297,
          "f1-score": 0.68,
          "support": 27.0
        },
        "snap": {
          "precision": 0.0,
          "recall": 0.0,
          "f1-score": 0.0,
          "support": 5.0
        },
        "snare": {
          "precision": 0.7832167832167832,
          "recall": 0.9256198347107438,
          "f1-score": 0.8484848484848485,
          "support": 121.0
        },
        "accuracy": 0.8659574468085106,
        "macro avg": {
          "precision": 0.7386045985244758,
          "recall": 0.7069052725128502,
          "f1-score": 0.7175487271922081,
          "support": 470.0
        },
        "weighted avg": {
          "precision": 0.8555950866365774,
          "recall": 0.8659574468085106,
          "f1-score": 0.8566483333899013,
          "support": 470.0
        }
      }
    },
    "test": {
      "sample_count": 520,
      "accuracy": 0.8134615384615385,
      "top_k_accuracy": 0.9826923076923076,
      "coverage_at_threshold": 0.975,
      "precision_at_threshold": 0.8244575936883629,
      "confusion_matrix": [
        [
          118,
          0,
          0,
          0,
          4,
          0,
          0,
          0
        ],
        [
          0,
          40,
          2,
          0,
          0,
          0,
          1,
          50
        ],
        [
          0,
          0,
          46,
          0,
          0,
          0,
          0,
          0
        ],
        [
          0,
          0,
          0,
          25,
          0,
          6,
          0,
          0
        ],
        [
          0,
          0,
          0,
          0,
          51,
          0,
          0,
          0
        ],
        [
          0,
          0,
          3,
          11,
          0,
          13,
          0,
          0
        ],
        [
          0,
          1,
          0,
          0,
          0,
          0,
          1,
          3
        ],
        [
          0,
          14,
          0,
          1,
          1,
          0,
          0,
          129
        ]
      ],
      "classification_report": {
        "808": {
          "precision": 1.0,
          "recall": 0.9672131147540983,
          "f1-score": 0.9833333333333333,
          "support": 122.0
        },
        "clap": {
          "precision": 0.7272727272727273,
          "recall": 0.43010752688172044,
          "f1-score": 0.5405405405405406,
          "support": 93.0
        },
        "closed_hat": {
          "precision": 0.9019607843137255,
          "recall": 1.0,